id,text,﻿id,label
196,"Então eu fui catando todas as roupas e 
achei uma tinta linda e quis pintar mais
animais, era uma tinta rosa muito 
bonita então começei a pintar e quando
vi pintei tudo, bom mais foi muito
legal mais tinha que guardar tudo
até que minha mãe apareceu e me deu
uma bronca daquelas, ai eu fui guardei
tudo correndo, e fui para escola na
hora que cheguei encontrei meus amigos
e nós fizemos pinturas eu adorei porque
adoro pintura e meus amigos também depois
fui para minha casa e encontrei um presente
para mim era um quadro lindo, agradeci
 meus avós e fui botar no meu quarto
era tão bonito e eu tenho até hoje,
eu tenho uma prima igual a mim ela
adora arte, para mim arte me explica muita
coisa eu pinto todos os dias porque é
incrivel pintar muito bonito, eu sempre falei
que um dia viraria pintora e eu virei
porque é bom demais, bom eu sei que
ja falei isso mais de 50 vezes mais eu 
sou assim !! [s]",8919,Competência 1 - nível 3#Competência 2 - nível 3#Competência 3 - nível 3#Competência 4 - nível 3
197,"[T] As [X]
Um certo dia uma menina [X] Alicia , estava 
brincando no seu quarto até que ela olha para cima e 
encima do seu armario tinha uma enorme caixa de tintas até
que ela pensou em ir até a cozinha pega o banquinho , ela foi até
a cozinha pegou o banquinho, e pegou a caixa de tintas , depois
de ter pegado as tintas, ela foi no seu material escolar e [X]
o seu caderno e arrancou varias folhas para brinca de tinta, 
ela ficou horas e horas pintando fazendo florzinha , jardim e sua
familia, até que ela teve uma ideia de pintar as paredes e o chão
ela ficou com [X] de sua mãe chingala e colocar ela de castigo .
mais mesmo assim desenho , na parede varias árvores com frutinhas as 
frutinhas eram morango, maça, laranja, [X], jabuticabas e varias outras , 
no [X] ela desenhou toda a sua família colocou suas tias seus
tios sua mãe seu [X] todo mundo, depois ela desenhou sua madri-
nha o seu padrinho , até que a sua mãe entra no quarto e
se depara com aquela cena ela ficou muito irritada e ela
pra banho e [X] toda aquela bagunça limpou o chão limpou
as paredes [X] todo o quarto dela e quando ela saiu do banho
ela ficou chatiada porque a mãe tinha limpado tudo! tudo!
tudo! tudo! não tinha sobrado nada! nada mesmo, ela ainda 
ficou de castigo ela ficou no cantinho [X] pensamento 
mais a sua mãe tirou ela conversou com ela [X] [X] que 
não pode fazer mais isso por que [X] [X] o quarto
dela a parede teve que pinta tudo de no o chão teve que 
lavar a cama dela ficou [?] e teve que limpa
todo de novo e deu muito trabalho por
que ela estava cheia de coisas para fazer .",8922,Competência 1 - nível 3#Competência 1 - nível 4#Competência 2 - nível 3#Competência 3 - nível 3#Competência 4 - nível 3#Competência 4 - nível 4
198,"[T]PINTURA
[P][?] [?] EM CIMA DO ARMARIO ALGUNS POTES COM
TINTA. ENTAO, RESOLVI  PINTAR NA PAREDE DO MEU QUARTO ALGUNS 
ANIMAIS. TEMPO DEPOIS, QUANDO VOLTEI NO QUARTO, NÃO HAVIA 
MAIS NENHUMA PINTURA E AS ROUPA DA GAVETA ESTAVAM 
ESPALHADA PELO CHÃO.
[P]ENTÃO, PARA EU SABER QUEM HAVIA DEIXADO AS ROUPAS DA 
GAVETA ESPALHADA PELO CHÃO E NÃO HAVER MAIS NENHUMA 
PINTURA, EU LIGUEI PARA MINHA AMIGA REBECA, PARA NÓS BRINCAR 
DE INVESTIGADOR. POIS EU SEI QUE ELA GOSTA DESSA BRINCADEIRA, E  
TAMBEM PODE TER CHANCE DE ENCONTRAR QUEM FEZ AQUELA 
BAGUNÇA.
[P]EU DESTUBRI QUEM FEZ A BAGUNÇA, EU VI UMAS PATINHAS 
DE CACHORRO, E ESSAS PATINHAS ERA DA MINHA CACHORRINHA
[P]A REBECA FOI EMBORA, EU LIMPEI A BAGUNÇA. DEU TUDO CERTO 
E DEI UM LEITINHO PRA MINHA CACHORRINHA.",8923,Competência 1 - nível 3#Competência 2 - nível 4#Competência 3 - nível 3#Competência 4 - nível 4
199,"[T] A trolagem contra mim
Eu encontrei em cima do armário alguns potes com [?] la. Então [?]
pintar na parede do meu quarto alguns animais. Tempo depois, quando
voltei no quarto, não havia mais nenhuma pintura as roupa da [?]
estavam espalhadas pelo chão. Como eu tinha demorado antes de [?]
[?] quarto, dava para alguem ter entrado no meu quarto e apagado meus
desenhos, mais quem? no dia seguinte fiz novos desenhos, novamente
apagaram, então perguntei a minha mãe se ela tinha apagado mais
ela disse que não havia apagado nenhum desenho, desconfiada [?]
perguntar a meu pai, ele tambem não tinha apagado, muito desconfiada
fui perguntar a meu irmão, ele riu e disse que não sabia de desenho
nenhum. Por causa da quela risada meu irmão se tornou o principal
suspeito de ter apagado meus desenhos, um tempo depois fui falar com
ele, antes de entrar no quarto dele revi atraz da porta ele falando com
um amigo sobre uma trolagem comigo apagando meus desenhos,
eu entrei no quarto furiosa, e perguntei por que ele tinha feito isso
ele disse que era por que eu tenho trolado ele semana passada.",8924,Competência 1 - nível 4#Competência 2 - nível 4#Competência 3 - nível 3#Competência 4 - nível 4
200,"[T] Tintas coloridas
Era uma vez uma menina que encontrou
varios potes de tinta no porão dentro de uma
caixa de madeira, junto das tintas tinha também
pinceis, ela resolvel pintar a parede da casa
do visinho em quanto ele estava fora de casa
quando comecoua pintar oseu visinho
chegou e perguntou [X] porque você pintou [X]parede
da minha casa vou disser a sua mãe.
Ele falou e a mãe disse que ela ia ficar
de castigo por dois dias a menina ficou triste
emas entendeu  que isso era errado pedio desculpas
e foi para o seu quarto deitou na cama e dormiu,
no dia seguinte percebeu que tinha dormido cedo
levantou-se da cama tomou café e foi para 
a escola horas depois, a menina chegou tomou
banho e resolvel pintar o papel e colar na
parede do seu quarto sua mãe perbeu que sua
filha estava bastante triste então resolvel colocar
ela em uma escola de arte quando dissea filha
ficou muito feliz mas tinha uma condição e essa
condição era que nunca pintasse as paredes
dos outros ela disse que nunca mais ia fazer isso",8925,Competência 1 - nível 4#Competência 2 - nível 3#Competência 3 - nível 3#Competência 4 - nível 4
201,"[T] [?] árvore grande
[P] Era uma vez eu e minha amiga [?] [?] [?] ir 
em um parque [?] deserlo enlão começamos a brincar de pega-pega mas
em um certo momento começa uma ventania muito forle então resolvemos
ficar debaixo de uma árvore muito linda mais ai a ventania
começou a ficar mais forte ainda e assim começamos a ficar com 
bastante medo depois de umas horas a ventania pasou e de longe
nos vimos umas escadas e nos fomos brincar nelas até que uma 
hora a genle cansou de ficar andando na escada e resolvemos 
ir brincar no rio com as [?] ai cansamos e fomos pra 
casa  domir no dia seguinte eu e a Emanuelle fomos la de 
novo e chegando la veiu um temporal muito forte e as
folhas começaram a cair e também caiu varios pedaços de
galhos em nossas cabeças e teve um mais pesado que caiu 
e quebrou a cabeça da minha amiga e corremos pro
hospital e [X] minha amiga morre e deixou uma 
herança pra mim que foi um colar de esmeraldas
e toda vez que eu olho pro colar eu lembro dela e eu 
resolvi colocar o colar dela no meu pescoço pra lembra dela e
[?} e eu sempre sonho com ela na minha vida toda",8929,Competência 1 - nível 2#Competência 2 - nível 2#Competência 3 - nível 2#Competência 4 - nível 2
202,"[T] Era uma vez a menina desobidiente 
Era uma vez uma menina desobidiente ela se chamava
de julia esa menina era muito desobidiente todo dia ela
sujava muito oseu quato e nunca gostava de alinpar a
sua mãe falou minha filha alinpa esse quato e a filha
mentiu para sua mãe e falou já arrumei mamãe
e a mãe OK filha thau vou trabalha OK mãe thau agora
vou fazer milha festa vou chama milhas amigas e meu
amigos a menina ligou para eles e chamou e eles
chegaram bem rrapidimlho e eles comPraram cinco pizza 
no cartan da sua mãe todos foran em bora e sua
mãe chegou OI filha OI mãe filha vim Pega nilhas roupas 
vou passa um dia no meu trabalho OK mãe thau-thau
a menina a chou um pote de baixo da cama ela
abriu e viu um monte de tinta e ela ficou muito alegre
ela comesou a pinta o quato da sua mãe sua mãe
chego e ela gritou aaa a menina ficou achado graça
e asua mãe bateu nela e ela aprendeu a aliça e nunca
mais ela desobedeseu.",8931,Competência 1 - nível 2#Competência 2 - nível 1#Competência 3 - nível 2#Competência 4 - nível 2
203,"Eu encontrei em cima do
armário alguns potes de tinta.
Então, resolvi pintar na parede
do meu quarto alguns animais,
Tempo depois, quando voltei no quarto, 
não havia mais nenhuma pintura
e as roupas da gaveta estavam
espalhadas pelo chão ai tinha um
Pouquinho de tinta que seca rapido 
ai minha mãe e minha irmã Marina,
Elas gosta [x] de [x] ai elas me 
ajudaram a pintar meu quarto,
chegou a [x][x] hora do almoço ai tranca-
mos o meu quarto, no almoço teve:
aroz, feijão, frango e [x]
completamente fizemos uma
música.. ai acabamo de pintar ai  desli-
gamos as pinturas ficaram brilhando
 ficou fantástico! até tirei uma foto olha!
[S][S] Esta fantástico",8933,Competência 1 - nível 3#Competência 2 - nível 2#Competência 3 - nível 2#Competência 4 - nível 3
204,"[T] A jovem ARTISTA
[P] Certo dia uma menina chamada Elisa estava bebendo Água na
cozinha Ate que ela reparou potes de tinta coloridas encima do Armario
então ela teve uma ideia que tal fazer uma pintura naquela parede
Branca do meu quarto ela resolveu pintar varios Animais. Pato, cachorro
pato, gato, peixes. 
[P] A menina achou que o cheiro estava muito forte então Reso
lvel ser se A tinta depois de alguns instantes depois de beber Água
mas surpriedentimente ela Ficou pasma ao ver que sua Havia
sumido A menina Ficou triste pois ela havia demorado 48 Horas
para fazer mas ela não desistiu do seu sonho de ser uma Artista
no outro dia.
[P] Então ela teve outra ideia para saber o que estava acontecendo
certo dia ela pegou o Resto da tintas guache é pintou um jardim com
muitas Flores é um lindo lago em outra parede branca é esperou
Até que não Aguentou é acabou dormindo no outro dia. 
[P] Viu que a pintura Havia sumido novamente
Ate que no outro dia ela resolveu colocar uma camera escondida
é novamente ela fez uma pintura e foi dormir com seus pais no outrodia...
no outro dia retirou a camera e viu o que estava Acontecendo
[P] é que um planeta quente estava pasando é porque as tintas
não eram permanentes Facil.",8934,Competência 1 - nível 3#Competência 2 - nível 3#Competência 3 - nível 3#Competência 4 - nível 4
205,"[T] Os animais que criaram vida 
[P] Logo descobri, que ps animais da pintura criaram vida
e não só espalharam ae roupas como es palharam e quebraram
a casa toda e se eu [X] muito perto eles me
atacavwm tentei domesticar eles mas não consegui  .
Eu sempre [X] de muitos animais mas vi que tinha poucos 
animais, então peguei as tintas , e criei mais animais com o
tempo descobri que conseguia desenhar oque eu quisesse que
se tornaria realidade , até as tintas acabarem gastei
quase toda a tinta [X] jaulas para os animais 
selvagens, comidas que não fazem mal a eles. Como 
eles destruiram tudo em casa gastei tinta também 
Comprando nova móveis. Depois de um tempo percebi 
que a tinta era muito perigosa então joguei ela fora
e depois chamei as autoridades responsáveis , fiquei triste 
por perde os animais mas sábia que era a escolha 
certa , as autoridades levaram os animais para um zoológico 
próximo da minha casa e sem que eu quis eu pua 
visitalos.


""ta",8936,Competência 1 - nível 3#Competência 2 - nível 4#Competência 3 - nível 3#Competência 4 - nível 4
206,"[T] Pequeno Menino
A menina [x] estava no parque e vil uma [?], ela sua
mãe foram na loja e viram um tanto de coisas como lapi
canetinha e brinquedos raros e o que ela adorou uma coisa
lintas ela comprou 15 caixas com nove potinhos de tinta de cada
cora ela comprou tudo que ela gostou e foi para casa. ela chegou
e testou tudo no final chegou ahora da tinta brilhar. Ela pa
çou tinta nas paredes nas portas na cama no guarda roupa e
depois disso o a mãe vil e ela paço o dia inteiro lavando
as coisas. no outro dia ela fez a mesma coisa e de novo
ela teve que lavar tudo o que ela pintou. ela repetiu isso tres
dias seguidos e ela teve fica sem as tintas por dois meses
e depois ela nunca mais fez isso de novo",8940,Competência 1 - nível 3#Competência 2 - nível 3#Competência 3 - nível 3#Competência 4 - nível 3
207,"[P] A historia de maria 
Era uma vez uma menina muito linda que se chamaria maria ela morava
em uma fazenda que é a fazenda do seu avó uma fazenda muita grande
que morava maria é seu avó e sua avó seu avó faleceu e só ficou maria 
e sua avo cassou [?] é maria fez 18 anos é sua avó 91 anos e com 101 anos 
sua avo faleceu e só ficou maria, com uns messes maria comecoçou a
namora é cê passou um ano passou um ano. maria  cê caso. Passou uns meses maria
teve uma menina muito bonita ingual a ela,  cê  casou. Passou uns messes maria
fez um aninho é maria teve um menino, é seu marido ficou muito feliz 
é eles foram felizem para sempre, em fim.",8942,Competência 1 - nível 2#Competência 2 - nível 2#Competência 3 - nível 2#Competência 4 - nível 2
208,"[T] A Menina ezagerada
Eu chegei no quarto e não tinha mais pintura e
eu tomei um susto porque a parede não tá pintada
e as roupas está no chão meu deus sera que e um
Bicho Meu deus to com muito medo
MAE acho que tem um Bicho aqui ta com muito
medo mamãe porque eu pintei a parede do e
eu fui ali rapido e quando chegei não tava mais
mãe quero dorni com você ta bom Sim filha
pode dormi com migo",8943,Competência 1 - nível 2#Competência 2 - nível 2#Competência 3 - nível 2#Competência 4 - nível 2
209,"[T] Quarto de maria
Maria saio com sua mãe e esqueceo
a janela aberta e dai o gato do vi
zinha entrou e bagunsou tudo e tinhas
is goteras perto da parede e tirou os
desenhos da parede e ela acabou 
que ela via pegadas de gato e elas
tavam sugasis de farinha de trigo
e ela vio as goberasis e ela pedio ao
pai dela aroma o telhado e maria pegou
as titasis e pinto [?] de [?] e 
maria ficou feliz e pedio ao pai
pintar com ele e a mãe tanbém ela ficou
muito feliz.",8944,Competência 1 - nível 2#Competência 2 - nível 1#Competência 3 - nível 2#Competência 4 - nível 2
210,"era uma vez um lobo que foi traido pel sua familia ele estava 
sozinho e com fome e ainda mais em uma floresta muito assobrado
dirrepente ele oovi um barulho nas arvore então ele foi la e não 
tinha nada la e ele fica arrepiado derrepente ele sente alquem
passando nas costas dele fica de [x] ele corre de medo
aioquando ele corria ele viu um vutu [?] nas arvore
ele era preto e tinha chifre ai ele acha uma caverna ele sente 
um barulho la dentro ai ele [?] la bem de vagazinho 
ai ele percebe que é um murcego ai ele disse uffAHAHAH
AH!!! Ele escuta umazuada atras dele ele ve um monstro
atras dele flutuando com chifre todo preto com olhos vermelho
aí ele escuta varios zuada de lobo vindo correndo ai o monstro
e a ataoka ele ai a familia dele defende ele ai eles sejuntaros
para acabar com o monstro [?] montro acerta um pedaço
de madeira na perna da mãe ai o pai [?] a madeira no pontro fraco 
do mostro AAAAAAA!!! ai o monstro morre. fim",8946,Competência 3 - nível 2
211,"[T] O misterio da tinta azul.
[P] Certa manhã a cordei e Pecebi varios ê varios tintas Que 
iãon Pro licho intão resolvi ficar com elas Para fazer uma obra
de arte quando sai Pra Pegar augus Piseis Quando voetel não 
tinha mais nada encima da mesa so tinha Pengos da tinta az
ul, então, juntei todo [?] sala Para fazer Perguntas, Porque
todomundo era suspeitos Minha Mãe Queria jogar as tintas
fora Para Quarda suas novas roupas; ja meu Pai Queria os Potes
Para [X] sementes; i Minha avó Quer astintas Para
Pinta O vaso de agirla; Perguntei a todos Quem Pego as tintas
todo mudo dise Que não Pegou; mais eu não a creditei quando 
eu fui fazer uma pergunta de repente as lusis apagarão Quando
elas seasendeiro o chal tava[X] com Pengos de tita meu gato a Pa-
receu foi Pra baicho da Meosa la estava tintas taimbacho da Mesa
acabol o Mesterio da tinta azul...",8954,Competência 1 - nível 2#Competência 2 - nível 2#Competência 3 - nível 3#Competência 4 - nível 2
212,"[T][X]
eu fiz un paseio Na floresta e vir una arvares cheios
de pasaros gue Nunca tinha vista e un caelho vi tanbn
un, macaca, vi tanbn un coelho vi tanben un macaco ben Banito
e fuila para perto da arvare e sentar No galha e figuei olha
Ndo a Natureza bn Banita e figuei inpresionada Na Natu
reza cheia de arvores de animais [?], cavalo, vaca, cacharo,
gata, caelho e etc, mais Não tenho medo de Nenhum e Nessa
flaresta era cheia de aninais eu gosto de tados as aninais
mais menos, cavalo, un bixo bruto e muito malvado
e uns bonzinhos fala tanbn vou falar do dias gue
eu fui passear No sitio fai muita bon eu vi muitos
aninais diferente tipo macaca, elefante, Sapo, Ran, papagaio
tados tipo de pasaros inpopolano, Girafa, e etc e derrepente
O papagaio gue abriu o lico direpente auvi algu inpresiona
-n te ela abriu o bico ben grande direpente auvi algu
ipresianante ela viu un lico e interonpen Nassa canversa
e fica con o bico aberto e fica muita muito e enteronpen
Nassa canvesa",8956,Competência 1 - nível 2#Competência 2 - nível 1#Competência 3 - nível 2#Competência 4 - nível 2
213,"[T] A menina nova
Era uma vez uma escola muito legal e divertida, mais uma aluna nova chegou na escola,
mais niguém falava com ela ou muito menos brincava... ela era muito sozinha mais mal sa-
bia que ia ganhar uma melhor amiga. Ela Também era uma nova aluna ela começou
a falar com ela e brincar até que um dia ela liguou para sua amiga falando o seguinte
""aló amiga enfeslizmente não posso ir a escola, beijos"". E se passou 3 anos e ainda elas
era amigas, Elas completaram 20 anos e tinha  um filho, ela envelheceram e ainda eram
amigas, elas tiveram netinhos e etc,,, depois de 6 anos os netinhos crecseram. E se passaram 30 anos, e eles crecseram tiveram filhos lindos. e assim formou a familia. maes chegou
um dia gue elas se foram, as pessoas choraram muito e muito... e assim fois. a filha dela
também se foram, os filhos, ""parabens"" os familiares falou pois elas eram guerreiras e
felizes e graciosas, e mais familiares se foram e foi assim por diante... as pessoas das
escotas foram no velorios dos familiares tiveram homenagens aos familiares, depois de
5 anos eles foram ao cemiterio e logo após eles foram fazer mais homenagens eles passaram
horas lá e depois de 4 horas eles foram embora.",8964,Competência 1 - nível 3#Competência 2 - nível 1#Competência 3 - nível 3#Competência 4 - nível 3
214,"[X] [T] Minhas tintas coloridas
[P] um dia tive uma bela ideia então pedir para minha mãe
comprar varios potes de tinta é ela esse deu 50 reais [X] eu fui no
mercado comprar meus potes de tinta e aproveitei e comprei
um pincel as cores que eu comprei foi amarelo azul
vermelho , verde , amarelo , preto , rosa quando cheguei em 
casa fui pro meu quarto e comecei a pençar no que eu i a
dezenhar na parede do meu quarto eu dezenhei um jacare um 
carro uma estrela um cachorro uma flor um carro com som
um cavalo e de pois eu chamei minha mãe e meu pai e meu 
irmão e mostrei a eles e eles gostaram dos meus dezenhos
todos que eu fiz então eu peguei as tintas e minha mãe
me deu uma ideia de dezenhar uma abelha um abacaxi grandão 
e um gatinho fofinho o meu irmão pediu para eu
fazer o nome dele do meu pai da minha mãe o meu nome
tambem e dezenhei mais ou [?] coisas uma 
austronauta um aviao um onibús uma ferari",8966,Competência 1 - nível 2#Competência 2 - nível 2#Competência 3 - nível 2#Competência 4 - nível 2
215,"[T] O quarto das artes 
Uma bela tarde , encontrei muitas tíntas e quis 
pinta uns animais ela pintou cobra e um elefante 
e foi bêbe água e quando voltei não tinha 
pinturas nem uma mais tinha muito roupa 
[X] adriana viu Sandra fazendo tudo isso
e [?] as duas brigaram depois Sandra pediu 
desculpas para Adriana por toda a bagunça e Adriana 
desculpou e Sandra falou para Adriana vamos 
pinta e Adriana aceitou elas fizeram dois quadros 
elas ia faze o terceiro quadro elas foram bêbe 
água [?] Fernanda veio e disse posso tambem 
e as duas disse sim e elas fisseram muitos 
dessenhos e quadros e ficaram felizes e as três 
ficaram muito boas e ficaram felizes dessa maneira 
todas ficaram felizes",8967,Competência 1 - nível 3#Competência 2 - nível 2#Competência 3 - nível 2#Competência 4 - nível 3
216,"[T] [X] menina e o quarto colorido
[P] Certo dia uma menina chamada beatriz que morava
com seus Pais e Seu [X] acordou assustada
com alguns barulhos no armário que Ficava
no seu quarto muito assustada se alevantou da 
sua cama e disse, Vou engulhir esse medo
e Ver que barulho e esse no meu armário em
Seguida ela abriu o seu armário dela e Viu dois
ratos quando eles Viram [X] tomaram [X] Susto e 
correram, quando ela ia Fechando o armário
ela [X] alguns Potes de Tinta e curiosa ela Pegou
esses Potes e começou a [X] [X] Desenhar Animais
nas Parede quando terminou de desenhar Foi
Pegar na [X] um Pote de água Para colocar 
o Pincél dentro Do Pote quando Voltou no quarto
as Paredes já não estavam mais Pintadas
e as roupas estavão jogada no chão e ela
achou estranho e Viu Sua mãe com um Pano
Todo Pintado e sua mãe Disse, minha Filha
seu quarto não Pode Ficar assim disse sua 
mãe A menina perguntou mãe Porque minhas
roupas estão no chão Sua mãe Falou Porque 
EU esqueçi o Pano na Sua Gaveta de roupa la
no Fundo e Sua mãe Disse [X] Filha [X]
quarto não Pode Ficar Assim. Desta maneira
A Filha aceitou as Descupas da mãe e Tudo
Voltou como era antes [X]",8972,Competência 1 - nível 2#Competência 2 - nível 2#Competência 3 - nível 2#Competência 4 - nível 2
217,"[T] Bem Vindo Arte
Era uma vés uma menina que resovel . .
Pinta uma casa e ela resovel pinta ...
em tábem ela comesol a pintar...
toda a casa e ela resovel pinta..
u quarto de rosa e ficol lido;
a tinta a cabor toda tinta rosa...
e ela foi com pra mais tinta .
e ela foi faze uma mis tura de tinta...
ficol um verde Agua e e ela ano muito. 
e ela resovel mais cores...
pensa em cada mis tura de tinta bonita .
e de pois foi a veis da cuzinHa
e a cal foidi amarelo
e logo foi a veis ducarredor...
foi de atermelho e aseva ficol lido.
[?] preto..
[?] 
fim",8974,Competência 1 - nível 2#Competência 2 - nível 2#Competência 3 - nível 2#Competência 4 - nível 2
218,"[T] As cores do nundo colorido,
A menina Encontrou umas tintas em cima do armário
ela resolveu pinta uns animais do quarto dela. 
Depois de algum tempo a menina voltou pra casa dela
e viu que no quarto dela tava todo bagunçados
e ela pensou que algum ladrão entrou [x] casa dela
Depois de algum tempo ela tentou arruma o quato
dela. E ela Pintou novamente para deixa ele bonito.
Depois de um tempo o quarto ficou muito lindo.
Todo Pintado e bem bonito e muito chamativo
Todo os dias ela entrava no quarto dela.
Para dizer [x] estava muito lindo e ela
adorava brinca no seu quarto todo bem arruma
do. E gostava muito de Pinta ele",8977,Competência 1 - nível 3#Competência 2 - nível 2#Competência 3 - nível 2#Competência 4 - nível 3
219,"[T] A Parede magica
[P] certo dia uma menina chamada Isabela
achou alguns Potes de tinta guache e teve uma
genial ideia de Pintar as Paredes do seu quarto
[P] [S] Então começou a Pintar o seu quarto passou
6 horas Para conseguir desenhar e logo foi dormir
, logo ela acorda e vai Para a sua escola chamada
[P] [S] Escola Municipal: José Alves de oliveira
no interior de São Paulo ela desenhou no Quarto ~
dela um cavalo e um Sato muito grande e valente
e ela foi a escola e disse ao seus amigos que 
tinha desenhado alguns animais e logo bate
a campa Para o recreio e ela diz a toda as
turmas ela merenda e volta Para Sala  faz sua
Prova e logo volta Para sua casa chega em seu
quarto ela vê a destruição e ela fica desconfia
da e logo lembra que na casa dela tem camera de
Segurança e logo vai revisar e o ineseperado
ela vê ela vê que os animais que ela desenhou
se tornou realidade e eles tiveram uma
grande briga esse foi o motivo da destrui_
ção",8981,Competência 1 - nível 3#Competência 2 - nível 2#Competência 3 - nível 3#Competência 4 - nível 3
220,"[T]eu e o toto
Eu tava [S] sentado e meu toto viu um rato*
coreu atrair do rato eu fuir uma ratalho*
cam [X] eo rato viu fui para casa comer
[?][?] vou dorme o dia a manhece que ver se [X] rato.
dunada a arvore remeceu meceu... o rato correu [X] correu
eo [X] correu [X] do rato
+o cachorro falo eu votepega
+o rato falo era que [X] [X]
+os dois corero tamto que o rato eo cachorro viu seu dono
atrair [X] com um pau na mão o rato a co queira bate no toto
orato [?] eu [X] o [X] bateno rato mar o rato correu e comeco
o rato como [X] 100 esquilo eo cachoro cama 10000 beco peregoso
aluta [X] os calamelo ficava encima dar [X] [X]
lar [X] fecava cam [X] eo toto fiquo preso para não more
lar pertolo
Dega mais um para o teme do toto o [X] peregoso a onçã pentada
camero a onça saiu matando os rato tudo
ateme do toto v
etoto mundo do teme da rata predeu e o teme do  todo
venceu e Fim",8982,Competência 1 - nível 1#Competência 2 - nível 1#Competência 3 - nível 1#Competência 4 - nível 2
221,"[T] A Praca da arvore
[P] Umas ves eu fui em uma praça com a minh-
a mãe e eu levei meu cachorro totó correu atra-
s de um esquilo la na praça tinham arvores, folhas, esquilos, bancos,
A minha mãe mandou eu pear a boussa dela depois
[P] disso eu subi em uma arvore minha mãe falou
para eu desse para nois i, comer ela preparou um deli
cioso sanbuixe e o totó tava comendo ração tinha
uma grande arvore na prassa e tinha um galho
podre eu perguntei a minha mãe porque aquele
galo esta podre ? , ela respondeu porque esa arvore
e muito antiga e dai e fui andar de bicicleta so que
a corente caiu! e eu ,pedi ajuda para minha mãe e
ela arrumou para mim e eu fiquei passiando e eu vi
folhas, carros, motos, passarihos e pegar uma for-
para minha mae e o toto [?] junto e ele pegou uma
[?] que caiu da arvore e dai eu voutei
[P] A andar de bicicleta so que um tronco de arvo-
re quase caiu na minha cabeça e eu cai de bicicle-
ta e depois eu fui pa casa e dormi",8983,Competência 1 - nível 2#Competência 2 - nível 1#Competência 3 - nível 2#Competência 4 - nível 3
222,"[P]a achei algumais tintas e resolvi pimlar as pared do
quarto Eu pintei algums animais na parede e minha mãi
gosto da minha pintura.
no outro dia chamei minha amiga
para fazer mais pinturas no quarto
Fizemos uma grande bagunca, ficou
roupas e tintas es palhado por tado o
quanto.
Quando mamãe viu aquela
bagunca ficou uma fera e fez
a gen te linpar tudo.",8985,Competência 1 - nível 3#Competência 2 - nível 2#Competência 3 - nível 2#Competência 4 - nível 2
223,"[T] A Parede
eu entrei no meu quarto no meu [x] encima dele tinha Porte de tinta então as paguei e resolvi
desenhar alguns animais na Parede quando terminei minha mãe me chamou Para Almoçar então
Fui comer quando terminei de Almoçar Fui Pro meu quarto quando cheguei lá, não tinha nenhuma
[x] Pintura e minhas roupas espalhadas no chão então resolvi arrumar as Roupas
na Gaveta quando terminei estava de noite então Fui Jantar quando termineide Jantar
Fui dormir passei a noite inteira dormindo Acordei era 11:30 Falei eita minha mãe Vai 
Brigar comigo então Fui na sala da minha casa Para Ver
se minha mãe estava lá e Ela não estava lá então Fui escovar meus dentes
Terminei de escovar ai então Fui comer Ja que minha mãe estava no trabalho
quando terminei de comer Fui tomar banho ai terminei o banho e Fui me trocar
minha Parede estava toda Pintada oque sera que aconteceu?...",8986,Competência 1 - nível 3#Competência 2 - nível 2#Competência 3 - nível 2#Competência 4 - nível 2#Competência 4 - nível 3
224,"[T] Tintas coloridas
[P] Eu estava no meu quarto quando encontrei várias tíntas
coloridas decidir pinta as paredes do meu quarto maís nao dava
para eu pinta so ai decidir chama o vinícíus para mim ajudar
quando ele chegou eu estava preparando as tintas para pinta as [X].
paredes ai do nada as tintas coloridas dezapareceram decidimos
[X] procurar mais não achamos sem as tintas não haverá mais
pintura resovemos fazer uma merenda depois da merenda nos voltamos-
a procura as tintas coloridas de novo [X] e proucuramos
e ate que nos achamos nos decidimos pinta umas [x] que eram sem 
detales e nos pintamos e pintamos depois chamamos a Gabi o wallace
a Sara a Débora a Heloisa o Antônio o Junior o Wanderson e o 
Gustavo o pedro a Ávila o Lucas daniel e a quemile era muita gente
mais muita tinta tá bem fizemos varias coisas com as tintas colorida
pintamos as roupa sem detales pintamos tá bem as paredes do meu [X]
quarto fizemos muitas coisas com as tintas coloridas depois da
bagunça que nos fizemos nos arrumamos a casa depois disso
cada um foi para [?] casas e fim [S] calma ainda não aveu  fim não
depois que quasse tatos foram para suas casa Vinicius Gabi Sara e [X]
Wallace ficaram ate umas horas nos brincamos muito ainda fizemos
muitas coisas nos fizemos varias pinturas com as tintas coloridas
agora sim fiim não era para ave um fim né",8987,Competência 1 - nível 3#Competência 2 - nível 3#Competência 3 - nível 2#Competência 4 - nível 3
228,"Boa tarde [?] 
[T] LATA DE TINTA",8996,
229,"[T] A pintura magica
Eu encontrei varias tinta na minha cama e eu
resolvi fazer varias coisas pra mim pode pintar
um dia eu e minha amiga Maria Eduarda resolveram
fazer uma casa na pintura algumas pinturas eu
fui pra caça mais pinturas casa dela e nos fomos
pintar mais é nos fomos compra mais tinta para
pintar e fomos pintar um dia ja era tarde e nos fomos
ate a casa dela tava escurecendo nos continoou
pintando muito a pintura e depois nos fomos fazer
mais tintas para a pintura dormi e no dia seginte eu
fui ir chamar a maria Eduarda pra ir brincar com migo
minha amiga e ela emcontrou varias outras tinta
colorida e bem bonita de cor vareada ela tirou cor 
muitas brilhantes varias coisas muito interesante e
legais ao dia dia da nossa vida e muito bom nos
fomos feliz para sempre",8997,Competência 1 - nível 2#Competência 2 - nível 3#Competência 3 - nível 2#Competência 4 - nível 2
230,"[T] O Homem das carvenais 
Uma vez E ncon trei umas tintas [?] 
E vir qui tinHa sumido tudo [?] depois 
tava tudo EspalHado pelas parede e lar-
tinHa um Homem das carvenas [X] 
tudo do meu quarto Eu peguei  é vir ele é
tirei ele do meu quarto porque ele tava 
acaBando com meu quarto. Eu é meu amigo 
Walaa ele tava com muito medo 
mas tentamos tira Ele do quarto mais 
O Homem das carvena suBiu em cima 
do guarda roupa é tancou tinta em nois 
E nois saimos da casa Fomos cHama alguem 
Pra ajuda nois e apareceu minHa prima 
é ajudou nois e o nome dela é clara 
ajudou nois á tira o Homem das carvenas
Ele saiu é Foi EmBora é na noite 
Escuteie um Barulho e era ele 
Ele tava tentando [X] pega as [X] 
tintas que tinHa Eu Estavadormindo
porque Estava muito tarde ai me acordei 
ele ja tinHa pegado e desenHo uma coisa 
que me impresonei  que ele tinHa desenHado 
ai minha mãe apareceu e tamBem se impresono 
com a pintura dele e com oque ele tinHa desenHado é ela não Brigo comigo 
e nem com ele ela gosta e ele tinHa desenHado um mulHe das carvena 
pois minHa mãe disse essa pode ser a pesso que ele ama [?] mae dele 
Ela tira ele da nossa casa e seguiu ele é ele Entro em uma Floresta 
é lar tava as mulHer das carvena ela tratava ele mae 
Ele não tinHa visto nois é nois Foi EmBora comemos dormimos 
e na quela manHa ele apareceu triste e pegou tintas e [X] 
uma Floresta com animais",8999,Competência 1 - nível 2#Competência 2 - nível 3#Competência 3 - nível 3#Competência 4 - nível 2
231,"O passeio de Mariana
Um certo dia Mariana foi passar suas férias da escola
na casa de sua tia. Chegando lá, sua tia levou mariana
pra conhecer o quarto onde ela ficaria hospedada, ela amou o
quarto e foi logo desarrumar as malas e colocando as roupas
no armário. quando ela ainda estava colocando a roupas no 
armario [?] uns potes de tintas na mesma hora ele teve
uma idéia. Então foi logo fazendo pinturas no quarto, ela
desenhou muitas borboletas e parecia que as borboletas
estavam criando vidas. Mas sua tia apareceu no quarto e para
sua surpresa ao olhar para as paredes as borboletas tinham
desaparecido.",9005,Competência 1 - nível 5#Competência 2 - nível 4#Competência 3 - nível 4#Competência 4 - nível 5
232,"[T]uma menina muito
esperta
Então resouv envestigar
e achei uma lata de tinta
no guintau corre para 
o meu quarto e [?] das
gavetas estava arrumada
botei a mão na parede que
ainda estava molhada
de tinta pensei comigo não vou
conseguir esse misterio sozinho e 
chamei a luisa pra [X] mae
ajudar chamei ela e corremos
pra minha mae e perguntamos
aque tinha acontesido minha
mãe disse Eu resouvi arrumar
as sua gaveta mas mao sei ague
aconteseu com a parede espera
o seu pai chegar [X] nos
[X] envestigavamos a sena
do crime ele [X] e disse [X]
foi ele, mais [X] [X} resouvido",9007,Competência 1 - nível 2#Competência 2 - nível 2#Competência 3 - nível 2#Competência 4 - nível 2
233,"[T] Eu quero viaja
Eu gosto di viajan emuito legal eu quero ipara Rio De Janeiro
eu tambem quero para basilia la e muito Bom eu numca fui mas
meu pai ja foi la iquando ele chegou [?] disi qui foi Bom poriso eu quero
iprala tambem e para rio de janeiro pra praia la e sera qui a rossa
e bom ta[X] bem por que muitas pessoas morala mais sera qui e 
legal in Que eu quero para la mora com minha irman fica Com ela
la para sempre mora la ni Brasilia ou então ni rio Di Janeiro
porque la e muito legal eu tambem quero ipara pecuaria
um Dia eu fui para pecuaria ieu não tinha ingreso mas u homem
qui ficava olhando agenti eli Dechou a genti Brinca nela 
na barca gigante faz bastanti medo iquando eu Desi da barca
eu fiquei tonta bastanti tonta qui nem comsequi remove os
meus pes porque eu tava tonta Dimais aitambem eu quiria
tambem queria Brinca na monga porque eu acho qui e legal
porque eu acho qui elegal por que muita genti [X]afoi nela eu quero
itanbem",9009,Competência 1 - nível 1#Competência 2 - nível 1#Competência 3 - nível 1#Competência 4 - nível 1
234,"[T] a [?] linda
[P] Era uma vez uma menina que se chamava
Lais e ela achou [X] potes de tinta e [X]
Pintado quarto delas de zenhos de de animais [?]
ela gotou dois dezenhos de animais [?]
tava Pitando ai a mãe dela chamou Lais vem 
lacha estou indo ai ela foi, ai ela lachou ai quado
ela volto amenina viu que aPitura [?]
[?] ela falou mãe foi você que apago a [?]
minha Pitura mãe minha filha [?]
mais ai ela descubriu foi a mãe dela [?]
ficou muito brava com amãe [?] ai mãe
Pediu descuPa foram [?] o quartó
novamente [?] ela [?]
felizes e o quarto ficou lindo",9011,Competência 1 - nível 2#Competência 2 - nível 2#Competência 3 - nível 2#Competência 4 - nível 2
235,"[T] O ônibus da aventura
[P] Um dia Uma mulher arcordou
cedo para que pegase o ônibus na
frente de sua casa,
quando o ônibus chegou a subiu a la-
deira de areia, o
motorista saiu pra ver o que tinha a-
contecido com o ónibus que estava fu-
maçando:
[P] O motorista vio muitas pegadas
de sapatos de pessoas que estava
andando do outro Lado do ónibus
ele foi vê quem estava Lá viu um
homem esquesito.
[P] O homem mandou que todos
descessem pois ele ia ajeita o peneu",9015,Competência 1 - nível 3#Competência 2 - nível 1#Competência 3 - nível 2#Competência 4 - nível 3
236,"[T] O dia na praça
[P] [?] [?] [?] Ana , Alice , Emanuelly, Ewelly [?]
[?] Beatriz, Marry e a Tays fomos passea na
praça o dia tava perfeto tomamos sorvete a gente
tava bem feliz ai chegou o nossos amigos Nicolas,
Ezequiel, Gustavo , Lucas , Lionel , Yuri, Marco , Bruno
e João Vitor e o [?] [?] o passeo ficou mais
legal comemos varias coisas era muito bom [?] mais 
amigos chegando e mais legal foi ficando e a praça
já se enchendo de pessoas todos nois ficamos vendo
os passaros e as borboletas ai a Emanuelly Cristina 
chega e ela não gosta da Tays ai elas [?] briga
mais outras meninas falarão ' bora para o dia ta lindo
se vocês brigarem vai estragar tudo "" as meninas se 
[?] e não brigarão e todo mundo se resouverâo 
as pessoas tava muito feliz mais o dia ficou
dubrado e começou a chuve e todos foram pra dibaixo
de uma casinha e a Tay falou ""a chuva ta muito 
forte e não vai cabe nigem"" e começou a venta 
muito e algumas pessoas que tinhão carro ou moto
tinhão ido pra casa mais mais como nois não tinha
vindo de carro mais tinha que espera a chuva 
para mais a chuva so pinhorava mais algumas
pessoas [?] carona mais não dava de todos 
ir algums ficava com raiva por que tavão se
manhando e a chuva tava mais forle e começou
a venta muito e ate que uma hora a chuva
para mais mais ainda tava chuviscando 
mais o chuvisco [?] tempo ficou dubrado
e eles comesaram a [?] mais nâo tava 
como antes .",9018,Competência 1 - nível 3#Competência 2 - nível 1#Competência 3 - nível 2#Competência 4 - nível 2
237,"[T] Observe a imagem e leia o texto abaixo
eu encontrei en cima do armário 
alguns potes então, resolvi
pintar nas parede do meu e quarto
alguns animais tempo, quando voltei n
quarto, não estava mais nenhuma pintura",9020,
238,"[T] O caderno da morte[S]
Eu e uma amiga encontramos um caderno achamos
meio estranho mas não ligamos, nós levamos o caderno para
minha casa e nele estava [x] algumas regras, nós
acabandos porgue não acreditamos no gue estava escrito,
porgue nele estava escrito gue cujo nome escrito a pessoa gue
tem este nome vi morrer mas você tengue estar com a [x]
rosto dessa pessoa em mente poguese não estiver
com o rosto da pessoa em mente todos com este nome vão mor
rer então Para ver se era verdade eu escrevi o nome de um 
ladrão gue estava aparecendo na televisão guarenta segun
dos depois o ladrão morreu de infarto achamos [x]
coincidência mas donada vimos um nostro que era
um chinigame chamado Liuk a [x][x] ficou
muito assustada e acabou desmaianda e eu escanda
losa como sempre comecei a gritar de medo depois
de um tempo, ele[x] nos explicou tudo e nos acabamos natan-
do o ladrão ficamos assustados e renomeamos para
outra pessoa.",9025,Competência 1 - nível 2#Competência 2 - nível 1#Competência 4 - nível 2
239,"[T] O sitio dos meus lios e a minha 
[P] Era uma vez que eu e a minha famílha, formos a imanaus
a cidade que nasci.
A guente foi de van áte belem 3 horas de van e anoiteceu no porto.
Em 5 dias tepois de navio estavamos em amazonia de noite a gente
foi de taxi ate o sitio.
Quanto eu e a minha familha saimos da cidade e fiqueredo
durou áte 1:00 da manha de 107k áte pra casa dos meus tios
o nome da minha tia e cheila e o nome do meu tio é joão paulo.
E eles tinhan filhas a mais vilho e a mais novo.
O nome da mais velha e joara e o mais nova e juliana
A gente formos pra casa da titia de manha pasar [?] dia no
casa da titia
E no primeirp dia em casa eu passeia mau por causa das
navio.
Cinco dias tepois passando mau eu de torte Joara me chamou 
pra brenca com ela e o juliana e quase de noite a 
minha mãe chamava pra ir pra casa.
3 meses tepois nos formos pro para formos por casa da
vovó e do vovô e fornes pro minha casa que nos vive
mos antes.
2 anos tepois  eu estou no 5º ano com os novos amigos [?] eu 
 ea minha familha vivemos feliz.",9026,Competência 1 - nível 2#Competência 2 - nível 1#Competência 3 - nível 2#Competência 4 - nível 3
240,"[T] A menina que encontrou tintas 
[P] Certo dia uma menina encontrou vários potes 
de tinta em cima do armário, decidiu pintar
as paredes do seu quarto desenhando a figura 
de varios animais. A menina foi beber ' agua 
quando voltou viu que os desenhos não estavam mais na parede. A mãe dela tinha apagado 
porque não podia riscar a parede. a menina 
ficou muito triste com a atitude da mãe,
A mãe foi na rua e comprou lápis de cor
[X] papel e tinta para a menina poder pintar
no seu caderno. Quando a mãe chegou em casa
entregau os presentes para a menina, ela ficou
muito feliz. O cachorro derrubou as tintas
na menina a [X] deu banho na me ni 
na para que ela pudesse finalmente pintar",9028,Competência 1 - nível 3#Competência 2 - nível 2#Competência 3 - nível 2#Competência 4 - nível 3
241,"[T] A menina que queria ser tudo
Era uma vez uma menina que queria ser tudo so que um dia a mãe disse que você não podia tudo que
ela quisseci mais ela visse [X] disse que que bu [X] pudia ser tudo ela disse que e so imaginar que acontese ela tinha
6 anos e passaram 15 anos e ela não desistia todos os dia faria [X] fazia curso de cada coisa não era tão dificil não não
mais deixava a cabeça de ficava confusa mais todos os [X] [X] dias então o pai e enpresario a mãe e modelo e o irmao
esta estudando para ser medico ela todo o dia era muito dificil ela tinha que estudar e arrumar a casa ela
conseguiu so falta um[X] [X] um pouco para ela conseguir todas os [X] as profisão e ela consegui o irmotambem
e todos tiveram familha e viveram felizes [X] [X] para sempre",9035,Competência 1 - nível 3#Competência 2 - nível 1#Competência 3 - nível 2#Competência 4 - nível 3
242,"[T] Muitos pontes de tinta 
erauma ves uma menina que gos tava de tinta ea mãe dela dechol os potes de tinta emcima 
do armario ates de colocar encima [X] ela dese filha voe decha os potes de tintaem 
sima doar mario ai dechol mais [X] macisa dela tei o montede armario ela não sabia 
cal era armario queta a tinta ai ela casol casol mais não achol mais ela em [?] sua mai 
dese prasua mãi que ia pra escola mais navedade ela tinta ai a mai dela de a tinta pra ela lai tava
perto ela [?] e deroboe toda a tinta nela ai ela dese mai core a qui mãi [?] tenta pega a tinta
em sima da mia reta nova la [?] porque vose [?] des cupa mai por que eu gosto de pinta
mais mai não de cha eu pin ta poroso [X] quel em ganei mai mais filha eso pidir mais mai eu 
pedir mais osior desse mae que [X] pra escola eu em tai voe colpra mas tabol mãi iai 
a mai dela vio e dese que lindo pintado bei queta desse que gosta muito de pinta ai ela anos 
fica pentado lai a filha teminoe e foi tama banho lai ela teminoe ifoi chanta lai quando 
ela foi pramesa lai a mai dela goto filha das tinta gostei mai pai a [X] filha que dia 
vose vai mida as mias tintas nova em nas sei filha ai a menina foi dormi e quando 
[X] acordo teve uma sur presa era sel anivesario aiquando ela foi escova 
osdete a mai e um pai dela o pai dela dese parabes filha de anai [X] [?] 
mai ese filha mai posso tizoto uma casa meu anivesario pode ser de tinta [?] 
filha ta pai eufoi chamar bia. sofia biaca e mirele vivele calani e raeli.",9036,Competência 1 - nível 1#Competência 2 - nível 2#Competência 3 - nível 2#Competência 4 - nível 1
243,"[T] nauasomprada
eu encontrei en cina do arnária alguns 
potes com tinta então resolvi pintar na
parede do neu quarto alguns aninais
tenpo depois quando Voltei no quarto não
havia nais nenhuna pintura e as roupas
da gaveta estavan espalhadas pelo chão
[X] nauasonprada",9038,
244,"[T] Titulo
[T] A menina que tinha vontade de ser pintora
[P] Era uma vez uma menina que tinha ensima de
seu armário varios potinhos de tinta guardado um d_
ia ela resovel fazer uma pintura em seu quarto ela peg_
ou suas tintas e foi pra seu quarto entrou no seu quarto
sentou na sua cama pegou seus potinhos e seu pincel co_
meçou a desenhar varios animais quando ela termi_
nou de dezenhar foi na cosinha bebe água ela voltou pra 
seu quarto e viu que seu irmão entrou la e bagunçou
suas coisas ela ficou brava muito com ele e depoi_
s começou a fazer dinovo e ficou de olho ele chegou
e bagunçou dinovo ela viu tudo e foi contar a mãe
a mãe dela pegou ele e Botou de castigo e ela f oi fazer
tudo denovo e a mãe dela disse que se ele fissese den_
ovo ele ia pegar castigo dobrado ele não fez mais
aquilo eles ficaram muito felises",9039,Competência 1 - nível 2#Competência 2 - nível 2#Competência 3 - nível 2#Competência 4 - nível 2
245,"[T] Maria e suas
[T]obras com tintas
Um belo dia Maria decidiu que ia pintar
seu quarto bem colorida. Maria foi no mercado
e comprou todas as cores possiveis de tinta,
quando chegou em casa começou a pinta seu
quarto bem colorido. Dai em diante ela percebeu
que amava pintar e que ia seguir a carrera
de pintora.
Dai em diante ela começou a pintar quadros
e até obras primas. Esta lá Maria pintando
um quadro quando ouviu bater na porta.
Quando Maria abriu a porta era uma atriz
mais famosa da cidade que se chamava Nana,
ela queria que Maria pintasse um quadro
bem colorido e com bastante cor e vida.
E lá estava Maria pintando o quadro de
Nana Quando sem querer ela derramou
tinta laranja no quadro. Maria ficou muito
triste pois tinha demorado muito para fazer
o quadro ai Maria pensou ela disse que
queria um quadro bem colorido. Ai Maria
misturou todas as tinta e fez um quadro
lindo. Nana amou o quadro.
Maria ficou reconhecida na cidade.
Só de ela pensar que tudo isso
começou com uma brincadeira!",9041,Competência 1 - nível 4#Competência 2 - nível 4#Competência 3 - nível 3#Competência 4 - nível 4
246,"[T] a istoria da menins
eu vi um caco meu cachoro chegou e ispanta
o caco o caco coreu para [?] nato e cumiu
ele nuca mais voutou eu rezovi pinta o meu 
quato de e faze animais quado chezi 
no meu quato e tive cum chuta meu quata 
tava reverado e  qenci que pasa um
Furaca itou arumei tudo e pintei 
dinovo o pintura denovo",9044,Competência 1 - nível 2#Competência 2 - nível 2#Competência 3 - nível 2#Competência 4 - nível 2
247,"eu [X] em cima do armário alguns potes com tinta. então, [X] pintr na [X] da [?] quarta",9049,
248,"[T] Brincando na Praia
[P] Um dia ensolarado.
eu [?] na praia junto com o meu pai . 
—meu Pai Disse: Vamos centar na quele Banco.
—  eu disse: [?] mas antes Vamos comprar sorvete.
— meu Paí Disse: Tá. dai fomos chutar bola
— eu Disse: eu sou o goleiro e Vocé  chuta tabom.
dai começamos a chutar . Meu Pai Disse: Chega Já Estou
cansado Vamos para casa. Chegamos em casa la minha 
Vó esta na minha casa fazendo Bolo com a minha
Mãe Dai fui tomar Banho Para Jantar . dai fui
tomar Banho quando Estava Tomando , Meu Pai disse: anda
eu quero tomar Banho. dai terminei de tomar Banho e fui
Jantar. [X] [X] comi mas eu queria Brincar mais dai
Chamei minha mãe . minha mãe falou: taVamos
eu falei: Vamos Brincar de Esconde - Esconde. depois.
minha mãe falo: Vamos Parar Já chega Vamos 
dormir.",9050,Competência 1 - nível 3#Competência 2 - nível 1#Competência 3 - nível 2#Competência 4 - nível 3
249,"Milene tinha guardado tintas encima de seu guarda roupa e
tinha se esquecido e quando foi olhar seu guarda roupa 
Estava lá e resouveu pintar sua parede de animais com suas
tintas e teve que ir no mercado Milene foi junto com
sua mãe e quando voltou não tinha desenho nenhum e
suas roupas jogadas portodo lugar em sua casa tinha na sala
banheiro,cozinha e foidescobrir oque era quando olhou
para rua e viu um [X] elefante bebee se assustou e
penssou meu desenho era igual a esse elefante sera que
meus fiumes eram verdade? Perguntou milene e deu um
pulo dacama e disse ufa! Era só um [X]",9051,Competência 1 - nível 3#Competência 2 - nível 3#Competência 3 - nível 2#Competência 4 - nível 3
250,"[T] A menina artista
[P] Eera uma vez uma bequena menina menina estava brinclado
com suas amigas ana, sabinha e clara fernanda disse
que ia tomar agúa e Jájá voltava ela touma a agúa e volta
as amigas diserão que ião pegar brinqueddo e ja voltava
depois de muito tempo mais ou menos vinte minutos
elas voltarão com varios brinquedos ela foi ajuta e
depois de muito tenpo Já era treis e meia as
meninas entrarãom para aumoçar e depois atistirão
u[X]m fílme e forám dormir no dia Seguite elas
tomaram cafe da manha e a tarde a as uma e 
meia forão lançar e coprarão coxinha, pastel e
cassoro quente e depois forão ao parque e lá tinha
escorego, belançi emtre outros eles brincarão muito
e a noite elas aomuçaram e depois as
meninas foram para casa e fernanda ficou sosinha
ela foi ao quarto e em cima do guarda ropa ela vio
varias tinta e pegou uma cadeira Subil e pegoi A
tinta e tinha varia cores vermelho, azul, rosa,
amarelo e laranja Na pegol uma bolha e um pincel
comesol A pinTa cluando teminou de pinta fernanda
foi pinTa o gurda roupa e Fez ti amo mmãe e com
um coração e depois pintol A casa toda fim !!!",9054,Competência 1 - nível 2#Competência 2 - nível 1#Competência 3 - nível 2#Competência 4 - nível 2
251,"[T]as lindas tintas brilhantes
[P]Finalmente chequei em casa e junto com minha amiga Para fazermos o
trabalho da escola So que eu achei lindas tintas e Então eu chamei a minha
amiga Para fazermos lindos dezenhos as cores das tintas era lindas tinha
toda cor azul, Rosa, verde, amarelo, vermelho, branco, Preto, Roxo, mas a mais
linda é a tinta com a cor colorida gue têm todas a cores juntas até agora tava
Tudo bem quando nós terminamos de fazer o trabalho da escola tinha algo
Muito estranho todos os dezenhos tinhão Sumido as cores também foi então
gue eu e minha amiga Vimos gue as cores dezenhos era mágico pessamós gue
estávamos vendo coisa foi nesse momento que as tintas falou com agente meus
Pais chegaram foi então que as tintas dezenhos voltarão Para seu lugar deveriãm
está estava tudo limpo então a cor de tinta colorido que éra mais bonita falou
com migo e disse que todas as tintas eram mágica Nesse caso eu
entendi porgue as tintas brilhavam tanto foi então gue elas começarão a
brilhar Muito nó entanto gue as cores precisacam
De Mais tintas para elas continuarem a ser mágica mas
[x] única gue não precisa-de mais cor é a tinta colorida
foi então gue eu resouvi pergunta porgue ela era a unica gue não Precisa de Mais
tinta ela respondeu gue ela é tinta mais mágica
e gue foi ela gue deu a magia para as
outras tintas ela disse gue fez isso porgue se sentiu muito
sozinha e assim ela não se sente mais sozinha.
foi então que aparecerão outra tintas mágicas
ingual aela e ela a tinta mais mágica não se sentiu
Mais estranha gue ela disse gue se sentia
Muito estrnha Mesmo porgue ela disse gue as outras
tintas gue a tinta colorida se achava Muito
Porgue ela nunca precisou de Mais tinta
só  anassim gue ela disse
gue não se sentia Mais [x] estranha.",9056,Competência 1 - nível 3#Competência 2 - nível 3#Competência 3 - nível 2#Competência 4 - nível 3
252,NULL,9057,Competência 1 - nível 2#Competência 2 - nível 2#Competência 3 - nível 2#Competência 4 - nível 2
253,"[T]os animais sairan da parede
eu acHe n muitos potes de tinta pintei
as paredes ate o cHão do meu duarto Fis
us animais na parede Fui BeBer aGua duan do
voltei os animais da pare de tava no cHão
rasgandos minHas [X] novas eu Gritei mae e
minHa mae veio correndo duando elas vil minhas
roupas rasga das eLa des maiou duando depois
de um tempo eLa acordou mas duando meu pai
cHegou ele Lin pou todo meu duartto

e e Le mato u todos os BicHos e meu duarto
Ficou linpo de novo.",9058,Competência 1 - nível 2#Competência 2 - nível 2#Competência 3 - nível 2#Competência 4 - nível 2
254,"[T] A menina que gosta da natureza

Era uma vez uma menina que gosta muito da natureza
Ela Se chama Luziran é uma Belo dia Luziran é Sua
Família Ela foi Fazer uma trilha é Ela viu um galho é 
Sentou nu galho é viu um passaro é pousso nela
Ela nunca tinha visto Esse passaro Ele era Lindo
quando ela ia pegar ele Sua mãe chamou para conti-
nua é ela Seguiu em Frente é no outro dia
Luziran volto lá e o passaro estava lá 
Esperando Ela lá para Brinca Luziran ia lá todo
dia e um dia o passaro mostrou",9061,Competência 1 - nível 2#Competência 2 - nível 2#Competência 3 - nível 2#Competência 4 - nível 2
255,"[T] A menina
[P]Era uma vez uma menina que se 
Chamava julia.
[P] Ela tava no seu quarto e resolveu pentar
[?] parede do quarto e pintar todos anemaes
ela pentar gatos,  cachorros, papagai [?], piriquito
e ela pentar Augumas preseza e Boneca
Ela pintar com a cor marron, amarelo,
e Ae ela Arrumoo seu quarda roupa
porque estava Muito Bagusado con
juda da menha Mãe.
[P] hoje esto felez porque Meu [?] A gora
esta lindo antes era feio Estou feliz",9062,Competência 1 - nível 2#Competência 2 - nível 2#Competência 3 - nível 2#Competência 4 - nível 2
256,"[T] PEDI ANTES DE FAZE
EU ENCONTREI EM CIMA DO ARMARIO ALGUN
POTES COM TINTA ENTÃO RESOLVI PINTA
NA PAREDE DO MEU QAURTO.
ALGUNS ANIMAIS DEU UM TEM PO E DE 
QUENDO VOLTEI NO QUARTO NÃO HAVIA MAIS
NENHUMA PINTURA  E AS ROUPAS DA GAVET
ESTAVÃO ESPALHADAS PELO CHÃO AI FUI
FALA CA MINHA MÃE [X] FALO QUI PENSO
QUE ERA MEU IRMÃO QUE TINHA PINTADO
ENTÃO ELA LINPO MEU QUARTO QUANOO
ELA SAIU [X] EU NA FICA BRAVO
COM ELA EU FALEI QUI EU ARUMO
O QUARTO TAMBEM AGENTE PODE
PINTA [X] AGENTE ATE CHEMOU OM
IRMÃO PARA PINTA CA GENTE BEM EU
PRENDI QUETINHA QUE PIDI PARA
MINHA MÃE PARA ELA [X] COM FUN
EU E MINHA MÃE NÃO PINTATUDO DINO",9065,Competência 1 - nível 2#Competência 2 - nível 2#Competência 2 - nível 5#Competência 4 - nível 2
